sku_id,daily_mean,daily_std,lead_time_days,unit_cost,safety_stock,reorder_point,forecast_next
SKU0076,3.3777777777777778,2.6118906053531576,29,98.39,24.0,122.0,4.571428571428571
SKU0063,3.311111111111111,2.511297817680858,27,40.59,22.0,112.0,2.0
SKU0020,3.6333333333333333,2.7902317571174913,24,95.11,23.0,111.0,4.142857142857143
SKU0018,3.1,2.3466447479398553,29,132.79,21.0,111.0,2.5714285714285716
SKU0030,3.066666666666667,2.364531927455211,29,140.34,22.0,111.0,3.4285714285714284
SKU0021,3.5555555555555554,2.557698715955029,25,14.08,22.0,111.0,4.571428571428571
SKU0022,3.6,2.52092367591232,24,67.66,21.0,108.0,3.142857142857143
SKU0010,3.311111111111111,2.1911181509814908,26,166.51,19.0,106.0,4.571428571428571
SKU0079,3.0555555555555554,2.1219087819464275,28,150.6,19.0,105.0,3.5714285714285716
SKU0070,3.111111111111111,2.1952166817083087,26,113.33,19.0,100.0,3.2857142857142856
SKU0051,2.9555555555555557,2.5258711306772983,26,173.35,22.0,99.0,4.714285714285714
SKU0033,3.477777777777778,2.0729817734868026,23,203.96,17.0,97.0,3.5714285714285716
SKU0007,3.3333333333333335,2.2882209369245303,23,288.74,19.0,96.0,3.857142857142857
SKU0057,3.2666666666666666,2.595588305507133,22,283.43,21.0,93.0,2.2857142857142856
SKU0073,3.011111111111111,2.2510643896592586,24,197.83,19.0,92.0,3.142857142857143
SKU0058,3.1333333333333333,2.224480749914814,23,183.67,18.0,91.0,2.0
SKU0039,3.2888888888888888,2.4460215092003303,21,291.8,19.0,89.0,3.5714285714285716
SKU0019,3.3333333333333335,2.4494897427831783,21,124.52,19.0,89.0,2.4285714285714284
SKU0080,3.6555555555555554,2.3709909326053693,19,210.81,18.0,88.0,4.857142857142857
SKU0009,3.066666666666667,2.457732580693483,22,226.72,20.0,88.0,2.7142857142857144
SKU0054,2.922222222222222,2.284425912087155,23,185.28,19.0,87.0,3.142857142857143
SKU0046,2.966666666666667,2.084991849201324,23,42.16,17.0,86.0,2.857142857142857
SKU0028,2.7555555555555555,2.194534124813006,24,275.34,18.0,85.0,1.0
SKU0042,3.5,2.450636239332164,19,78.44,18.0,85.0,3.7142857142857144
SKU0014,3.3777777777777778,2.4794788224466244,19,90.04,18.0,83.0,2.7142857142857144
SKU0062,3.2444444444444445,2.3952720804901335,20,95.73,18.0,83.0,2.7142857142857144
SKU0043,3.3666666666666667,2.474362930152398,19,84.26,18.0,82.0,2.7142857142857144
SKU0008,3.522222222222222,2.4869446882966035,18,254.91,18.0,82.0,3.7142857142857144
SKU0016,3.4555555555555557,2.549117984103306,18,57.93,18.0,81.0,2.857142857142857
SKU0052,3.1333333333333333,2.4868191858117368,19,211.7,18.0,78.0,2.5714285714285716
SKU0071,2.911111111111111,2.19624011931139,20,272.98,17.0,76.0,4.428571428571429
SKU0045,3.2777777777777777,2.5922433032647323,16,216.09,18.0,71.0,2.2857142857142856
SKU0069,3.2,2.468680218754934,16,45.41,17.0,69.0,2.857142857142857
SKU0017,3.611111111111111,2.5558676463615746,14,14.53,16.0,67.0,3.4285714285714284
SKU0023,3.011111111111111,2.637220380595867,16,216.29,18.0,67.0,3.0
SKU0072,3.0555555555555554,2.0952654553396273,17,88.92,15.0,67.0,4.0
SKU0006,3.1222222222222222,2.3694107634162465,16,161.04,16.0,66.0,1.8571428571428572
SKU0044,3.3555555555555556,2.8296627468523248,14,21.73,18.0,65.0,4.0
SKU0031,1.288888888888889,2.4915337293711786,29,37.67,23.0,61.0,0.0
SKU0053,2.6777777777777776,2.421011849832362,16,50.41,16.0,59.0,2.2857142857142856
SKU0026,2.8222222222222224,2.2464842833760668,15,278.63,15.0,58.0,3.2857142857142856
SKU0064,3.388888888888889,2.599457352379809,12,142.4,15.0,56.0,4.428571428571429
SKU0066,1.2555555555555555,2.1335264425707416,28,130.79,19.0,55.0,0.0
SKU0074,1.2,2.3087522774545746,25,10.15,20.0,50.0,0.0
SKU0001,3.1,2.3177381457704733,11,124.59,13.0,48.0,2.2857142857142856
SKU0049,2.966666666666667,2.602721134384317,11,269.77,15.0,48.0,3.2857142857142856
SKU0027,1.2333333333333334,2.3893490251624905,21,198.81,19.0,45.0,0.0
SKU0029,3.2111111111111112,2.27094221125097,10,256.51,12.0,45.0,4.714285714285714
SKU0025,3.6222222222222222,2.4885254773029786,8,185.73,12.0,41.0,4.142857142857143
SKU0059,0.9555555555555556,1.835426112305488,25,211.49,16.0,40.0,0.0
SKU0012,2.977777777777778,2.467668588905156,9,289.92,13.0,40.0,2.7142857142857144
SKU0024,3.4444444444444446,2.356492876427634,8,239.15,11.0,39.0,2.2857142857142856
SKU0047,3.3555555555555556,2.2995412884591437,8,137.41,11.0,38.0,2.7142857142857144
SKU0065,0.9222222222222223,1.690872906524165,24,73.35,14.0,37.0,0.0
SKU0050,3.388888888888889,2.5821097742721952,7,147.86,12.0,36.0,4.714285714285714
SKU0035,1.1333333333333333,2.13688842358029,17,181.48,15.0,35.0,0.0
SKU0037,3.422222222222222,2.312534374006427,7,172.76,11.0,35.0,2.4285714285714284
SKU0038,1.0777777777777777,1.9152127688751504,18,121.05,14.0,34.0,0.0
SKU0004,3.2666666666666666,2.2970425538901154,6,104.7,10.0,30.0,2.857142857142857
SKU0055,3.688888888888889,2.782951486512054,5,166.55,11.0,30.0,3.857142857142857
SKU0067,3.7888888888888888,2.7045298847725765,5,266.15,10.0,29.0,3.2857142857142856
SKU0002,3.1555555555555554,2.355539066674911,6,278.73,10.0,29.0,3.7142857142857144
SKU0048,3.522222222222222,2.653078677106345,5,68.5,10.0,28.0,2.0
SKU0075,3.7888888888888888,2.7334566520094072,4,112.24,10.0,26.0,5.142857142857143
SKU0068,1.1555555555555554,2.398084962140196,10,104.06,13.0,25.0,0.0
SKU0013,3.077777777777778,2.1475241965532126,5,186.04,8.0,24.0,1.5714285714285714
SKU0032,3.3222222222222224,2.4806114585902788,4,117.54,9.0,23.0,4.0
SKU0077,0.9555555555555556,1.7604334955869592,12,57.75,11.0,23.0,0.0
SKU0078,3.022222222222222,2.521715920958877,4,164.89,9.0,22.0,3.857142857142857
SKU0015,3.6333333333333333,2.696022871906449,3,95.92,8.0,19.0,5.0
SKU0034,3.1,2.463440546439612,3,203.12,8.0,18.0,1.8571428571428572
SKU0056,3.466666666666667,2.4319964518010773,3,68.89,7.0,18.0,4.142857142857143
SKU0060,3.2,2.308752277454575,3,265.34,7.0,17.0,2.857142857142857
SKU0011,0.8222222222222222,1.480796762282393,10,180.16,8.0,17.0,0.0
SKU0005,3.3222222222222224,2.3788760341845223,3,175.43,7.0,17.0,3.857142857142857
SKU0040,1.1111111111111112,2.2657411637747744,6,256.19,10.0,17.0,0.0
SKU0036,2.7111111111111112,2.115987534448767,3,89.67,7.0,16.0,2.0
SKU0041,0.8666666666666667,1.697321088187057,5,219.3,7.0,12.0,0.0
SKU0061,0.8888888888888888,1.6314634255366929,5,191.06,7.0,12.0,0.0
SKU0003,1.0666666666666667,1.822456670158921,3,220.91,6.0,10.0,0.0
